residueC,energyC,residueD,energyD
696,0,695,0
697,0,696,0
698,0,697,0
699,0,698,0
700,0,699,0
701,0,700,0
702,0,701,0
703,0,702,0
704,0,703,0
705,0,704,0
706,0,705,0
707,-0.002,706,0
708,0,707,0
709,0,708,0
710,0,709,0
711,0,710,0
712,-0.001,711,0
713,0,712,-0.002
714,-0.004,713,0
715,0.005,714,-0.007
716,-0.129,715,0.01
717,-0.022,716,-0.098
718,-0.132,717,0.021
719,-0.074,718,0.059
720,0.122,719,0.036
721,-0.047,720,-0.003
722,-0.023,721,-0.05
723,-0.012,722,-0.017
724,0.021,723,-0.013
725,-0.009,724,0.034
726,0.081,725,-0.004
727,0.009,726,-0.058
728,-0.227,727,-0.065
729,0.001,728,-0.834
730,-0.003,729,0.003
731,-0.001,730,-0.003
732,0,731,0
733,0,732,0
734,0,733,0
735,0,734,0
736,0,735,0
737,0,736,0
738,0,737,0
739,0,738,0
740,0.004,739,0
741,0.017,740,-0.002
742,-0.032,741,0.002
743,0.019,742,-0.02
744,-0.049,743,0.012
745,-0.798,744,-0.056
746,0.357,745,0.312
747,0.012,746,-0.182
748,-0.027,747,-0.005
749,0,748,-0.007
750,0,749,0
751,0,750,0
752,0,751,0
753,0,752,0
754,0,753,0
755,0,754,0
756,0,755,0
757,0,756,0
758,0,757,0
759,0,758,0
760,0,759,0.005
761,-0.007,760,0
762,0.547,761,-0.002
763,-0.013,762,0.037
764,0.002,763,0.005
765,-0.002,764,-0.002
766,0.078,765,-0.006
767,-0.003,766,-0.024
768,0,767,0
769,-0.001,768,0
770,0,769,0.001
771,0,770,0
772,0,771,0
773,-0.009,772,0
774,0.008,773,0.006
775,-0.02,774,0.003
776,0.018,775,-0.004
777,-0.015,776,0.007
778,-0.023,777,-0.016
779,0.02,778,-0.008
780,-0.002,779,0.006
781,0,780,0.002
782,0,781,0
783,0,782,0
784,0,783,0
785,0,784,0
786,0.011,785,0
787,-0.03,786,-0.002
788,0.059,787,0.002
789,-0.017,788,0.016
790,0.02,789,0.013
791,0.014,790,0.093
792,0.106,791,0.107
793,-0.324,792,0.058
794,-0.208,793,0.398
795,-0.045,794,0.219
796,-0.759,795,0.212
797,0,796,-0.554
798,0.061,797,0
799,0.119,798,-0.138
800,-8.287,799,0.482
801,0.236,800,8.616
802,0.191,801,-0.053
803,1.186,802,-0.07
804,-0.428,803,-0.359
805,0.728,804,0.585
806,0,805,-0.729
807,0,806,0
808,0,807,0
809,0.009,808,0
810,0,809,-0.006
811,0,810,0
812,0,811,0
813,0,812,0
814,0,813,0
815,0,814,0
816,0,815,0
817,-0.024,816,0
818,0,817,0.006
819,0,818,0
820,0,819,0
821,0.012,820,0
822,0,821,-0.004
823,0,822,0
824,0,823,0
825,0,824,0
826,0,825,0
827,0,826,0
828,0,827,0
829,0,828,0
830,0,829,0
831,0,830,0
832,0,831,0
833,0,832,0
834,0,833,0
835,-0.007,834,0
836,0,835,-0.008
837,0.375,836,0
838,0.026,837,-0.177
839,0.078,838,-0.02
840,0.019,839,0.003
841,0.979,840,0.065
842,0.409,841,0.074
843,-0.191,842,-0.256
844,-0.213,843,0.055
845,0.097,844,0.16
846,-0.123,845,-0.062
847,-0.016,846,0.041
848,-0.02,847,0.019
849,-0.001,848,-0.002
850,-0.011,849,0
851,0.034,850,0.017
852,-0.159,851,-0.032
853,0.027,852,-0.028
854,0.121,853,-0.04
855,2.526,854,-0.145
856,-0.027,855,-1.242
857,-0.007,856,0.002
858,0.003,857,-0.012
859,0.001,858,0
860,0,859,-0.001
861,0,860,0
862,0,861,0
863,0,862,0
864,0,863,0
865,0,864,0
866,0,865,0
867,0,866,0
868,0,867,0
869,0,868,0
870,0,869,0
871,0,870,0
872,0,871,0
873,0,872,0
874,0,873,0
875,0,874,0
876,0,875,0
877,-0.001,876,0
878,0,877,0.005
879,0,878,0
880,0.025,879,0
881,0,880,-0.018
882,0,881,0
883,0,882,0
884,0,883,0
885,0,884,0
886,0,885,0
887,0,886,0
888,0,887,0
889,0,888,0
890,0,889,0
891,0,890,0
892,0,891,0
893,0,892,0
894,0,893,0
895,0,894,0
896,0,895,0
897,0,896,0
898,0,897,0
899,0,898,0
900,0,899,0
901,0,900,0
902,0,901,0
903,-0.111,902,0
904,0,903,0.053
905,0,904,0
906,-0.881,905,0
907,0.001,906,0.072
908,0,907,-0.005
909,0,908,0
910,0,909,0
911,0.034,910,0.004
912,-0.002,911,-0.017
913,0.169,912,-0.001
914,0,913,0.125
915,0,914,0
916,0,915,0
917,0,916,0
918,0,917,0
919,0,918,0
920,0,919,0
921,0,920,0
922,0,921,0
923,0,922,0
924,0,923,0
925,0,924,0
926,0,925,0
927,0,926,0
928,0,927,0
929,0,928,0
930,0,929,0
931,0,930,0
932,0,931,0
933,0,932,0
934,0,933,0
935,0,934,0
936,0,935,0
937,0,936,0
938,0,937,0
939,0,938,0
940,0,939,0
941,0,940,0
942,0,941,0
943,0,942,0
944,0,943,0
945,0,944,0
946,0,945,0
947,0,946,0
948,0,947,0
949,0,948,0
950,0,949,0
951,0,950,0
952,0,951,0
953,0,952,0
954,0,953,0
955,0,954,0
956,0,955,0
957,0,956,0
958,0,957,0
959,0,958,0
960,0,959,0
961,0,960,0
962,0,961,0
963,0,962,0
964,0,963,0
965,0,964,0
966,0,965,0
967,0,966,0
968,0,967,0
969,0,968,0
970,0,969,0
971,0,970,0
972,0,971,0
973,0,972,0
974,0,973,0
975,0,974,0
976,0,975,0
977,0,976,0
978,0,977,0
979,0,978,0
980,0,979,0
981,0,980,0
982,0,981,0
983,0,982,0
984,0,983,0
985,0,984,0
986,0,985,0
987,0,986,0
988,0,987,0
989,0,988,0
990,0,989,0
991,0,990,0
992,0,991,0
993,0,992,0
994,0,993,0
995,0,994,0
996,0,995,0
997,0,996,0
998,0,997,0
999,0,998,0
1000,0,999,0
1001,0,1000,0
1002,0,1001,0
1003,0,1002,0
1004,0,1003,0
1005,0,1004,0
1006,0,1005,0
1007,0,1006,0
1008,0,1007,0
1009,0,1008,0
1010,0,1009,0
1011,0,1010,0
1012,0,1011,0
1013,0,1012,0
1014,0,1013,0
1015,0,1014,0
1016,0,1015,0
,,,0
